{
  "accuracy": 0.7242424242424242,
  "precision": 0.826025459688826,
  "recall": 0.7956403269754768,
  "f1": 0.8105482303955587,
  "specificity": 0.51953125,
  "roc_auc": 0.5879651311307901,
  "threshold": 0.0027138174045830965,
  "threshold_method": "Youden_J_statistic"
}