{
  "accuracy": 0.7424242424242424,
  "precision": 0.8312586445366529,
  "recall": 0.8188010899182562,
  "f1": 0.8249828414550446,
  "specificity": 0.5234375,
  "roc_auc": 0.5981671491825613,
  "threshold": 0.0024590869434177876,
  "threshold_method": "Youden_J_statistic"
}