{
  "accuracy": 0.7808080808080808,
  "precision": 0.8387942332896461,
  "recall": 0.8719346049046321,
  "f1": 0.8550434201736807,
  "specificity": 0.51953125,
  "roc_auc": 0.6234673024523161,
  "threshold": 0.0027376338839530945,
  "threshold_method": "Youden_J_statistic"
}